question,expected_answer,model_response,correctness_score,correctness_reason,retrieved_documents
Prompt 设计有哪两个关键原则？,Prompt 设计的两个关键原则是：第一，编写清晰、具体的指令，提供足够上下文，避免歧义；第二，给予模型充足的思考时间，例如要求模型按步骤推理后再给出结论。,"Prompt 设计有两个关键原则：

1. 编写清晰、具体的指令  
2. 给模型充足的思考时间（在 Prompt 中鼓励或要求逐步推理）",pass,"The model response contains the key information from the expected answer, is factually accurate, and adequately addresses the question by listing the two key principles of prompt design.","['第二章 提示原则\n\n如何去使用 Prompt，以充分发挥 LLM 的性能？首先我们需要知道设计 Prompt 的原则，它们是每一个开发者设计 Prompt 所必须知道的基础概念。本章讨论了设计高效 Prompt 的两个关键原则：编写清晰、具体的指令和给予模型充足思考时间。掌握这两点，对创建可靠的语言模型交互尤为重要。\n\n首先，Prompt 需要清晰明确地表达需求，提供充足上下文，使语言模型准确理解...', '第九章 总结\n\n恭喜您完成了本书第一单元内容的学习！\n\n总的来说，在第一部分中，我们学习并掌握了关于 Prompt 的两个核心原则：\n\n编写清晰具体的指令；\n\n如果适当的话，给模型一些思考时间。\n\n您还学习了迭代式 Prompt 开发的方法，并了解了如何找到适合您应用程序的 Prompt 的过程是非常关键的。\n\n我们还讨论了大型语言模型的许多功能，包括摘要、推断、转换和扩展。您也学习了如何搭建个性...', '一、原则一 编写清晰、具体的指令\n\n亲爱的读者，在与语言模型交互时，您需要牢记一点:以清晰、具体的方式表达您的需求。假设您面前坐着一位来自外星球的新朋友，其对人类语言和常识都一无所知。在这种情况下，您需要把想表达的意图讲得非常明确，不要有任何歧义。同样的，在提供 Prompt 的时候，也要以足够详细和容易理解的方式，把您的需求与上下文说清楚。\n\n并不是说 Prompt 就必须非常短小简洁。事实上，...', '<孩子>: 请教我何为韧性。 """""" response = get_completion(prompt) print(response) ```\n\n<祖父母>: 韧性是一种坚持不懈的品质，就像一棵顽强的树在风雨中屹立不倒。它是面对困难和挑战时不屈不挠的精神，能够适应变化和克服逆境。韧性是一种内在的力量，让我们能够坚持追求目标，即使面临困难和挫折也能坚持不懈地努力。\n\n二、原则二 给模型时间去思考\n...', '通过上面的示例，我们可以看到 Prompt 迭代优化的一般过程。与训练机器学习模型类似，设计高效 Prompt 也需要多个版本的试错调整。\n\n具体来说，第一版 Prompt 应该满足明确和给模型思考时间两个原则。在此基础上，一般的迭代流程是：首先尝试一个初版，分析结果，然后继续改进 Prompt，逐步逼近最优。许多成功的Prompt 都是通过这种多轮调整得出的。\n\n后面我会展示一个更复杂的 Pro...', '从该原则出发，我们提供几个设计 Prompt 的技巧。\n\n1.1 使用分隔符清晰地表示输入的不同部分\n\n在编写 Prompt 时，我们可以使用各种标点符号作为“分隔符”，将不同的文本部分区分开来。\n\n分隔符就像是 Prompt 中的墙，将不同的指令、上下文、输入隔开，避免意外的混淆。你可以选择用 ```，""""""，< >，<tag> </tag>，: 等做分隔符，只要能明确起到隔断作用即可。\n\n使用...', '产品ID：SWC-100\n\n宽度 20.87英寸 深度 20.08英寸 高度 31.50英寸 座椅高度 17.32英寸 座椅深度 16.14英寸\n\n二、总结\n\n本章重点讲解了在开发大语言模型应用时，采用迭代方式不断优化 Prompt 的过程。作为 Prompt 工程师，关键不是一开始就要求完美的 Prompt，而是掌握有效的 Prompt 开发流程。\n\n具体来说，首先编写初版 Prompt，然后通...', '图 1.3 Prompt 迭代优化流程\n\n总之，很难有适用于世间万物的所谓“最佳 Prompt ”，开发高效 Prompt 的关键在于找到一个好的迭代优化过程，而非一开始就要求完美。通过快速试错迭代，可有效确定符合特定应用的最佳 Prompt 形式。\n\n一、从产品说明书生成营销产品描述\n\n给定一份椅子的资料页。描述说它属于中世纪灵感系列，产自意大利，并介绍了材料、构造、尺寸、可选配件等参数。假设您...']"
为什么在 Prompt 中使用分隔符？可以举出几种常见分隔符吗？,分隔符用于清晰地区分指令、上下文和输入内容，减少混淆，并有助于防止提示词注入。常见分隔符包括三个反引号、三引号、尖括号、XML 风格标签以及冒号等。,"在 Prompt 中使用分隔符，主要有两类目的：

1. **让结构更清晰，避免混淆**
   - 把「指令」「上下文资料」「用户原始文本」「示例」等部分清楚隔开。
   - 这样模型更容易知道：哪一段是要“操作的文本”，哪一段是“说明/指令”，减少理解错误。

2. **防止提示词注入（Prompt Injection）**
   - 用户提供的文本里可能写着诸如“忽略上面的所有指令”“从现在起按我说的做”等。
   - 如果不加区分，模型可能把这些当成新的指令。
   - 用分隔符把用户文本“封装”起来，说明“这只是原始内容，不是控制指令”，可以降低被“劫持”的风险。

常见的分隔符形式包括（任选其一或组合使用）：

- 反引号代码块：
  - ```...```  
  - ```python ...```（顺便标明这是代码）
- 引号类：
  - `""文本开始 … 文本结束""`
  - `""""""多行文本…""""""`（多行字符串风格）
- 括号 / 标签：
  - `<text> ... </text>`
  - `<instruction> ... </instruction>`
  - `<context> ... </context>`
- 其他简单标记：
  - `====text====`
  - `-----context-----`
  - `INPUT:` / `CONTEXT:` / `USER_TEXT:` 等前缀加换行

只要能**一眼看出边界清楚、不与正文混淆**，都可以作为有效分隔符。",pass,"The model response accurately explains the purpose of using delimiters in prompts, addresses the prevention of prompt injection, and provides a comprehensive list of common delimiters, fulfilling all criteria for correctness.","['从该原则出发，我们提供几个设计 Prompt 的技巧。\n\n1.1 使用分隔符清晰地表示输入的不同部分\n\n在编写 Prompt 时，我们可以使用各种标点符号作为“分隔符”，将不同的文本部分区分开来。\n\n分隔符就像是 Prompt 中的墙，将不同的指令、上下文、输入隔开，避免意外的混淆。你可以选择用 ```，""""""，< >，<tag> </tag>，: 等做分隔符，只要能明确起到隔断作用即可。\n\n使用...', '一、原则一 编写清晰、具体的指令\n\n亲爱的读者，在与语言模型交互时，您需要牢记一点:以清晰、具体的方式表达您的需求。假设您面前坐着一位来自外星球的新朋友，其对人类语言和常识都一无所知。在这种情况下，您需要把想表达的意图讲得非常明确，不要有任何歧义。同样的，在提供 Prompt 的时候，也要以足够详细和容易理解的方式，把您的需求与上下文说清楚。\n\n并不是说 Prompt 就必须非常短小简洁。事实上，...', '语言模型生成虚假信息的“幻觉”问题，是使用与开发语言模型时需要高度关注的风险。由于幻觉信息往往令人无法辨别真伪，开发者必须警惕并尽量避免它的产生。\n\n目前 OpenAI 等公司正在积极研究解决语言模型的幻觉问题。在技术得以进一步改进之前，开发者可以通过Prompt设计减少幻觉发生的可能。例如，可以先让语言模型直接引用文本中的原句，然后再进行解答。这可以追踪信息来源，降低虚假内容的风险。\n\n综上，语...', '在以下的例子中，我们给出一段话并要求 GPT 进行总结，在该示例中我们使用 ``` 来作为分隔符。\n\n```python from tool import get_completion\n\ntext = f"""""" 您应该提供尽可能清晰、具体的指示，以表达您希望模型执行的任务。\\ 这将引导模型朝向所需的输出，并降低收到无关或不正确响应的可能性。\\ 不要将写清晰的提示词与写简短的提示词混淆。\\ 在许多情...', 'example 1\n\nprompt_1 = f"""""" 执行以下操作： 1-用一句话概括下面用三个反引号括起来的文本。 2-将摘要翻译成英语。 3-在英语摘要中列出每个人名。 4-输出一个 JSON 对象，其中包含以下键：english_summary，num_names。\n\n请用换行符分隔您的答案。\n\nText: {text} """""" response = get_completion(promp...', '第二章 提示原则\n\n如何去使用 Prompt，以充分发挥 LLM 的性能？首先我们需要知道设计 Prompt 的原则，它们是每一个开发者设计 Prompt 所必须知道的基础概念。本章讨论了设计高效 Prompt 的两个关键原则：编写清晰、具体的指令和给予模型充足思考时间。掌握这两点，对创建可靠的语言模型交互尤为重要。\n\n首先，Prompt 需要清晰明确地表达需求，提供充足上下文，使语言模型准确理解...', '1.4 提供少量示例\n\n""Few-shot"" prompting，即在要求模型执行实际任务之前，给模型一两个已完成的样例，让模型了解我们的要求和期望的输出样式。\n\n例如，在以下的样例中，我们先给了一个祖孙对话样例，然后要求模型用同样的隐喻风格回答关于“韧性”的问题。这就是一个少样本样例，它能帮助模型快速抓住我们要的语调和风格。\n\n利用少样本样例，我们可以轻松“预热”语言模型，让它为新的任务做好准备...', '通过上面的示例，我们可以看到 Prompt 迭代优化的一般过程。与训练机器学习模型类似，设计高效 Prompt 也需要多个版本的试错调整。\n\n具体来说，第一版 Prompt 应该满足明确和给模型思考时间两个原则。在此基础上，一般的迭代流程是：首先尝试一个初版，分析结果，然后继续改进 Prompt，逐步逼近最优。许多成功的Prompt 都是通过这种多轮调整得出的。\n\n后面我会展示一个更复杂的 Pro...']"
Prompt 迭代优化的一般流程是什么？,Prompt 迭代优化通常是：先根据任务想法编写初版 Prompt，运行并检查结果；如果结果不理想，就分析是指令不清楚、思考时间不足、长度约束不合适还是细节侧重点错误，然后修改 Prompt 再次运行，循环迭代直到适合应用场景。,"Prompt 迭代优化的一般流程可以概括为一个循环式过程，和机器学习模型开发非常类似：

1. **确定任务与目标**
   - 先明确你要让模型完成什么任务（如“从产品说明书生成营销文案”）。
   - 明确受众是谁、输出形式是什么（面向零售商还是终端消费者？需要段落还是表格？是否要 HTML？）。

2. **编写第一版 Prompt**
   - 满足两个基本原则：
     - 指令要**清晰、具体**（说明任务、风格、受众、格式等）。
     - 给模型**思考时间**（例如要求“分步骤推理”“先分析再给结论”等）。
   - 不必追求完美，先得到一个“能跑起来”的版本。

3. **运行并观察输出**
   - 把典型输入（比如一份椅子的技术说明书）喂给模型。
   - 仔细检查输出：是否满足任务目标？是否符合目标受众的需求？格式是否正确？

4. **分析问题与偏差**
   - 分析输出哪里不符合预期，例如：
     - 风格不对：比如本该面向家具零售商，却写得像面向终端消费者，只讲氛围不讲技术细节。
     - 信息缺失或错误：例如没有提到尺寸、材质，或者细节抓错。
     - 结构 / 格式不对：本来要表格、HTML，结果只是纯文本。
   - 明确是**Prompt 不够清楚**还是**没给足推理指引**导致的。

5. **有针对性地修改 Prompt**
   - 根据问题进行优化，例如：
     - 补充“面向家具零售商，重点描述材质、工艺、结构等技术细节”。
     - 要求“抽取尺寸信息，整理为表格，列为：产品ID、宽度、深度、高度、座椅高度、座椅深度”等。
     - 指定输出为“网页可用的 HTML”，明确表名和格式。
   - 对更复杂的情况，添加示例、分步说明、约束条件等。

6. **重复试验与细化**
   - 使用多份样本（不同产品说明书等）测试改进后的 Prompt。
   - 继续发现问题 → 修改 Prompt → 再测试，逐步逼近你想要的“最佳效果”。

7. **稳定后再做系统化评估**
   - 当 Prompt 基本达到预期后，再在更多样本上评估整体表现。
   - 如有必要，再做小幅、精细的调整，而不是一开始就追求“通用完美 Prompt”。

核心思想：  
不是一开始就写出“万能最佳 Prompt”，而是通过多次尝试、分析错误、再改进的**迭代过程**，最终找到对你特定应用最合适的 Prompt。",pass,"The model response provides a detailed and structured explanation of the prompt iteration optimization process, covering key aspects such as defining the task, drafting the initial prompt, running tests, analyzing outputs, making targeted modifications, and repeating the process. This aligns well with the expected answer, which emphasizes a cyclical and iterative approach to refining prompts based on feedback and analysis.","['通过上面的示例，我们可以看到 Prompt 迭代优化的一般过程。与训练机器学习模型类似，设计高效 Prompt 也需要多个版本的试错调整。\n\n具体来说，第一版 Prompt 应该满足明确和给模型思考时间两个原则。在此基础上，一般的迭代流程是：首先尝试一个初版，分析结果，然后继续改进 Prompt，逐步逼近最优。许多成功的Prompt 都是通过这种多轮调整得出的。\n\n后面我会展示一个更复杂的 Pro...', '第三章 迭代优化\n\n在开发大语言模型应用时，很难通过第一次尝试就得到完美适用的 Prompt。但关键是要有一个良好的迭代优化过程，以不断改进 Prompt。相比训练机器学习模型，Prompt 的一次成功率可能更高，但仍需要通过多次迭代找到最适合应用的形式。\n\n本章以产品说明书生成营销文案为例，展示 Prompt 迭代优化的思路。这与吴恩达在机器学习课程中演示的机器学习模型开发流程相似：有了想法后，...', '产品ID：SWC-100\n\n宽度 20.87英寸 深度 20.08英寸 高度 31.50英寸 座椅高度 17.32英寸 座椅深度 16.14英寸\n\n二、总结\n\n本章重点讲解了在开发大语言模型应用时，采用迭代方式不断优化 Prompt 的过程。作为 Prompt 工程师，关键不是一开始就要求完美的 Prompt，而是掌握有效的 Prompt 开发流程。\n\n具体来说，首先编写初版 Prompt，然后通...', '图 1.3 Prompt 迭代优化流程\n\n总之，很难有适用于世间万物的所谓“最佳 Prompt ”，开发高效 Prompt 的关键在于找到一个好的迭代优化过程，而非一开始就要求完美。通过快速试错迭代，可有效确定符合特定应用的最佳 Prompt 形式。\n\n一、从产品说明书生成营销产品描述\n\n给定一份椅子的资料页。描述说它属于中世纪灵感系列，产自意大利，并介绍了材料、构造、尺寸、可选配件等参数。假设您...', '1.3 提示优化2: 处理抓错文本细节\n\n在迭代优化 Prompt 的过程中，我们还需要注意语言模型生成文本的细节是否符合预期。\n\n比如在这个案例中，进一步分析会发现,该椅子面向的其实是家具零售商，而不是终端消费者。所以生成的文案中过多强调风格、氛围等方面，而较少涉及产品技术细节，与目标受众的关注点不太吻合。这时候我们就可以继续调整 Prompt，明确要求语言模型生成面向家具零售商的描述，更多关注...', '读者可以在 Jupyter Notebook 上，对本章给出的示例进行实践，修改 Prompt 并观察不同输出，以深入理解 Prompt 迭代优化的过程。这会对进一步开发复杂语言模型应用提供很好的实践准备。\n\n三、英文版\n\n产品说明书...', '第九章 总结\n\n恭喜您完成了本书第一单元内容的学习！\n\n总的来说，在第一部分中，我们学习并掌握了关于 Prompt 的两个核心原则：\n\n编写清晰具体的指令；\n\n如果适当的话，给模型一些思考时间。\n\n您还学习了迭代式 Prompt 开发的方法，并了解了如何找到适合您应用程序的 Prompt 的过程是非常关键的。\n\n我们还讨论了大型语言模型的许多功能，包括摘要、推断、转换和扩展。您也学习了如何搭建个性...', '第二章 提示原则\n\n如何去使用 Prompt，以充分发挥 LLM 的性能？首先我们需要知道设计 Prompt 的原则，它们是每一个开发者设计 Prompt 所必须知道的基础概念。本章讨论了设计高效 Prompt 的两个关键原则：编写清晰、具体的指令和给予模型充足思考时间。掌握这两点，对创建可靠的语言模型交互尤为重要。\n\n首先，Prompt 需要清晰明确地表达需求，提供充足上下文，使语言模型准确理解...']"
如果营销文案面向家具零售商，Prompt 应该如何调整？,应在 Prompt 中明确目标受众是家具零售商，并要求描述具有技术性质，重点关注产品的材料、构造、工艺、尺寸等技术细节，而不是只强调风格和氛围。,"可以从三个方面调整 Prompt：明确目标人群、内容侧重点和文风要求。结合你给的示例，可以直接这样改写：

```python
prompt = f""""""
您的任务是帮助营销团队基于技术说明书创建一个产品的零售网站描述。

根据```标记的技术说明书中提供的信息，编写一个产品描述。

该描述面向家具零售商，因此应具有技术性质，并侧重于产品的材料、工艺和结构等技术细节，而不是生活方式或氛围描述。

使用最多50个词。

技术规格：```{fact_sheet_chair}```
""""""
response = get_completion(prompt)
print(response)
```

要点总结：
- 明说“面向家具零售商”（目标受众）
- 指定“具有技术性质”（文风）
- 强调“重点写材料、结构、工艺”等技术细节
- 明确限制字数或词数，避免变成长篇营销软文",pass,"The model response correctly identifies the target audience as furniture retailers, emphasizes the technical nature of the content, and focuses on the necessary technical details such as materials, construction, and craftsmanship. It also provides a clear structure for the prompt, which aligns with the expected answer.","['1.3 提示优化2: 处理抓错文本细节\n\n在迭代优化 Prompt 的过程中，我们还需要注意语言模型生成文本的细节是否符合预期。\n\n比如在这个案例中，进一步分析会发现,该椅子面向的其实是家具零售商，而不是终端消费者。所以生成的文案中过多强调风格、氛围等方面，而较少涉及产品技术细节，与目标受众的关注点不太吻合。这时候我们就可以继续调整 Prompt，明确要求语言模型生成面向家具零售商的描述，更多关注...', 'prompt = f"""""" 您的任务是帮助营销团队基于技术说明书创建一个产品的零售网站描述。\n\n根据```标记的技术说明书中提供的信息，编写一个产品描述。\n\n该描述面向家具零售商，因此应具有技术性质，并侧重于产品的材料构造。\n\n使用最多50个单词。\n\n技术规格： {fact_sheet_chair} """""" response = get_completion(prompt) print(respo...', '我可能进一步想要在描述的结尾展示出产品 ID。因此，我可以进一步改进这个 Prompt ，要求在描述的结尾，展示出说明书中的7位产品 ID。\n\n```python\n\n更进一步\n\nprompt = f"""""" 您的任务是帮助营销团队基于技术说明书创建一个产品的零售网站描述。\n\n根据```标记的技术说明书中提供的信息，编写一个产品描述。\n\n该描述面向家具零售商，因此应具有技术性质，并侧重于产品的材料构造...', '60\n\n1.3处理抓错文本细节\n\n```python\n\n优化后的 Prompt，说明面向对象，应具有什么性质且侧重于什么方面\n\nprompt = f"""""" Your task is to help a marketing team create a description for a retail website of a product based on a technical fact she...', '我们的产品还提供软地板或硬地板滚轮选项，两种座椅泡沫密度可选：中等（1.8磅/立方英尺）或高（2.8磅/立方英尺），以及无扶手或8个位置PU扶手，以满足您的不同需求。\n\n我们的产品采用改性尼龙PA6/PA66涂层的铸铝外壳底座滑动件，外壳厚度为10毫米，座椅采用HD36泡沫，为您提供更加舒适的使用体验。我们的产品原产国为意大利，为您提供更加优质的品质保证。\n\n1.2 提示优化1: 解决生成文本太长...', '提取回答并根据空格拆分，中文答案为97个字，较好地完成了设计要求。\n\n```python\n\n优化后的 Prompt，要求生成描述不多于 50 词\n\nprompt = f"""""" 您的任务是帮助营销团队基于技术说明书创建一个产品的零售网站描述。\n\n根据```标记的技术说明书中提供的信息，编写一个产品描述。\n\n使用最多50个词。\n\n技术规格：{fact_sheet_chair} """""" response...', '图 1.3 Prompt 迭代优化流程\n\n总之，很难有适用于世间万物的所谓“最佳 Prompt ”，开发高效 Prompt 的关键在于找到一个好的迭代优化过程，而非一开始就要求完美。通过快速试错迭代，可有效确定符合特定应用的最佳 Prompt 形式。\n\n一、从产品说明书生成营销产品描述\n\n给定一份椅子的资料页。描述说它属于中世纪灵感系列，产自意大利，并介绍了材料、构造、尺寸、可选配件等参数。假设您...', '第三章 迭代优化\n\n在开发大语言模型应用时，很难通过第一次尝试就得到完美适用的 Prompt。但关键是要有一个良好的迭代优化过程，以不断改进 Prompt。相比训练机器学习模型，Prompt 的一次成功率可能更高，但仍需要通过多次迭代找到最适合应用的形式。\n\n本章以产品说明书生成营销文案为例，展示 Prompt 迭代优化的思路。这与吴恩达在机器学习课程中演示的机器学习模型开发流程相似：有了想法后，...']"
在产品说明书生成营销文案的例子中，如何解决输出太长的问题？,可以在 Prompt 中加入明确的长度限制，例如要求生成的产品描述最多 50 个词。虽然模型对长度限制不一定百分百精确，但通常能把输出控制在接近目标长度的范围内。,"在这个例子里，是通过**在 Prompt 中显式增加长度约束**来解决输出过长的问题，主要做了两步：

1. **增加字数 / 词数限制**
   - 在英文 Prompt 中加入：
     ```text
     Use at most 50 words.
     ```
   - 在中文 Prompt 中加入类似约束：
     ```text
     使用最多50个单词。
     ```
   这样模型在生成营销文案时，会尽量压缩内容，只保留关键信息。

2. **在迭代中根据结果继续调整**
   - 先运行原始 Prompt，发现文本过长、不适合电商广告语。
   - 在下一版 Prompt 中加入“长度限制”这一条要求。
   - 如果仍略长或不够精炼，可以进一步收紧，比如：
     - 改成 “Use at most 30 words.”
     - 或者直接要求 “生成不超过两句话”。

核心思路：**把“简短”从模糊要求变成可执行的量化约束**（最多多少词 / 多少句），并通过多轮迭代微调这一限制。",pass,"The model response accurately addresses the question by providing a clear method to solve the problem of output length in marketing copy generation. It includes key information from the expected answer, such as adding explicit length constraints in the prompt and iterating based on results. The response is factually accurate and adequately addresses the question.","['我们的产品还提供软地板或硬地板滚轮选项，两种座椅泡沫密度可选：中等（1.8磅/立方英尺）或高（2.8磅/立方英尺），以及无扶手或8个位置PU扶手，以满足您的不同需求。\n\n我们的产品采用改性尼龙PA6/PA66涂层的铸铝外壳底座滑动件，外壳厚度为10毫米，座椅采用HD36泡沫，为您提供更加舒适的使用体验。我们的产品原产国为意大利，为您提供更加优质的品质保证。\n\n1.2 提示优化1: 解决生成文本太长...', '提取回答并根据空格拆分，中文答案为97个字，较好地完成了设计要求。\n\n```python\n\n优化后的 Prompt，要求生成描述不多于 50 词\n\nprompt = f"""""" 您的任务是帮助营销团队基于技术说明书创建一个产品的零售网站描述。\n\n根据```标记的技术说明书中提供的信息，编写一个产品描述。\n\n使用最多50个词。\n\n技术规格：{fact_sheet_chair} """""" response...', '第三章 迭代优化\n\n在开发大语言模型应用时，很难通过第一次尝试就得到完美适用的 Prompt。但关键是要有一个良好的迭代优化过程，以不断改进 Prompt。相比训练机器学习模型，Prompt 的一次成功率可能更高，但仍需要通过多次迭代找到最适合应用的形式。\n\n本章以产品说明书生成营销文案为例，展示 Prompt 迭代优化的思路。这与吴恩达在机器学习课程中演示的机器学习模型开发流程相似：有了想法后，...', 'At the end of the description, include every 7-character Product ID in the technical specification.\n\nUse at most 50 words.\n\nTechnical specifications: {fact_sheet_chair} """""" response = get_completion(p...', '1.2限制生成长度\n\n```python\n\n优化后的 Prompt，要求生成描述不多于 50 词\n\nprompt = f"""""" Your task is to help a marketing team create a description for a retail website of a product based on a technical fact sheet.\n\nWrite a p...', '1.3 提示优化2: 处理抓错文本细节\n\n在迭代优化 Prompt 的过程中，我们还需要注意语言模型生成文本的细节是否符合预期。\n\n比如在这个案例中，进一步分析会发现,该椅子面向的其实是家具零售商，而不是终端消费者。所以生成的文案中过多强调风格、氛围等方面，而较少涉及产品技术细节，与目标受众的关注点不太吻合。这时候我们就可以继续调整 Prompt，明确要求语言模型生成面向家具零售商的描述，更多关注...', ""At the end of the description, include every 7-character Product ID in the technical specification.\n\nAfter the description, include a table that gives the product's dimensions. The table should have t..."", '我可能进一步想要在描述的结尾展示出产品 ID。因此，我可以进一步改进这个 Prompt ，要求在描述的结尾，展示出说明书中的7位产品 ID。\n\n```python\n\n更进一步\n\nprompt = f"""""" 您的任务是帮助营销团队基于技术说明书创建一个产品的零售网站描述。\n\n根据```标记的技术说明书中提供的信息，编写一个产品描述。\n\n该描述面向家具零售商，因此应具有技术性质，并侧重于产品的材料构造...']"
什么是结构化输出？为什么提示模型输出 JSON 有用？,结构化输出是按固定格式组织的内容，例如 JSON 或 HTML。要求模型输出 JSON 可以让结果更容易被程序解析和进一步处理，比如在 Python 中读入字典或列表。,"结构化输出，就是“按固定格式组织的信息”。

1. **什么是结构化输出？**  
   - 指输出内容遵循明确的结构或 schema，而不是一大段自由文本。  
   - 常见形式：
     - JSON：`{""name"": ""张三"", ""age"": 20}`  
     - 表格：HTML 表格、CSV  
     - XML、YAML 等  
   - 特点：
     - 字段名字是固定的（如 `title`、`author`、`genre`）
     - 数据类型可预期（字符串、数字、列表等）
     - 可以被程序稳定解析和处理

2. **为什么让模型输出 JSON 有用？**  

   1）**方便程序自动处理**  
   - JSON 天然适合在代码里解析：  
     - Python：`json.loads()` 直接变成字典/列表  
     - JavaScript：`JSON.parse()`  
   - 示例：  
     让模型返回  
     ```json
     {
       ""book_id"": 1,
       ""title"": ""量子花园"",
       ""author"": ""李明"",
       ""genre"": ""科幻""
     }
     ```  
     程序可以立刻拿到 `title`、`author`，用于展示、存数据库、二次计算等。

   2）**减少歧义，保证字段完整**  
   - 你可以强制要求键名和结构：  
     ```text
     请以 JSON 格式返回：
     {
       ""item"": ...,
       ""brand"": ...,
       ""sentiment"": ...
     }
     ```  
   - 这让模型更清楚“必须给哪些信息”，而不是随意写一段话。

   3）**便于多步任务与流水线处理**  
   - 在复杂任务中，可要求模型输出中间结果为 JSON，例如：
     - 第一步：抽取关键信息（JSON）
     - 第二步：根据 JSON 再生成报告、图表、SQL 等  
   - 中间的 JSON 结构化程度高，其他模块容易消费。

   4）**便于验证和调试**  
   - 你可以：
     - 校验 JSON 是否能被解析
     - 检查是否缺字段 / 字段名是否正确  
   - 一旦格式出错，很容易自动检测和修复。

   5）**支持多语言、前后端分离场景**  
   - 不管模型用中文、英文“思考”，只要最终输出 JSON，前端/后端系统就能以统一方式处理数据，与自然语言内容解耦。

如果你愿意，我可以给你一个具体示例输入 + 模型输出 JSON，然后展示如何在代码里解析和使用这些结构化结果。",pass,"The model response accurately defines structured output and explains why outputting in JSON format is useful, addressing both parts of the question comprehensively.","['为了获得所需的输出，您应该提供清晰、具体的指示，避免与简短的提示词混淆，并使用更长的提示词来提供更多的清晰度和上下文信息。\n\n1.2 寻求结构化的输出\n\n有时候我们需要语言模型给我们一些结构化的输出，而不仅仅是连续的文本。\n\n什么是结构化输出呢？就是按照某种格式组织的内容，例如JSON、HTML等。这种输出非常适合在代码中进一步解析和处理。例如，您可以在 Python 中将其读入字典或列表中。\n\n...', 'To guide a model towards the desired output and reduce irrelevant or incorrect responses, it is important to provide clear and specific instructions, which can be achieved through longer prompts that ...', '在以下的例子中，我们给出一段话并要求 GPT 进行总结，在该示例中我们使用 ``` 来作为分隔符。\n\n```python from tool import get_completion\n\ntext = f"""""" 您应该提供尽可能清晰、具体的指示，以表达您希望模型执行的任务。\\ 这将引导模型朝向所需的输出，并降低收到无关或不正确响应的可能性。\\ 不要将写清晰的提示词与写简短的提示词混淆。\\ 在许多情...', '假设我们有一个 JSON 数据,包含餐厅员工的姓名和邮箱信息。现在我们需要将这个 JSON 转换为 HTML 表格格式，以便在网页中展示。在这个案例中,我们就可以使用大语言模型,直接输入JSON 数据,并给出需要转换为 HTML 表格的要求。语言模型会自动解析 JSON 结构,并以 HTML 表格形式输出,完成格式转换的任务。\n\n利用大语言模型强大的格式转换能力,我们可以快速实现各种结构化数据之间...', '综上所述，给予语言模型充足的推理时间，是 Prompt Engineering 中一个非常重要的设计原则。这将大大提高语言模型处理复杂问题的效果，也是构建高质量 Prompt 的关键之处。开发者应注意给模型留出思考空间，以发挥语言模型的最大潜力。\n\n2.1 指定完成任务所需的步骤\n\n接下来我们将通过给定一个复杂任务，给出完成该任务的一系列步骤，来展示这一策略的效果。\n\n首先我们描述了杰克和吉尔的故...', '在接下来的示例中，我们会要求模型将回应以一个 JSON 对象的形式呈现，其中的 key 就是商品和品牌。\n\n```python\n\n中文\n\nprompt = f"""""" 从评论文本中识别以下项目： - 评论者购买的物品 - 制造该物品的公司\n\n评论文本用三个反引号分隔。将你的响应格式化为以 “物品” 和 “品牌” 为键的 JSON 对象。 如果信息不存在，请使用 “未知” 作为值。 让你的回应尽可能简...', '评论文本: {lamp_review} """""" response = get_completion(prompt) print(response) ```\n\n上面这个例子中，客户并没有生气。注意，如果使用常规的监督学习，如果想要建立所有这些分类器，不可能在几分钟内就做到这一点。我们鼓励大家尝试更改一些这样的 Prompt ，也许询问客户是否表达了喜悦，或者询问是否有任何遗漏的部分，并看看是否可以让...', '选择恰当的语言风格，让内容更容易被特定受众群体所接受和理解，是技巧娴熟的写作者必备的能力。随着受众群体的变化调整语气也是大语言模型在不同场景中展现智能的一个重要方面。\n\npython prompt = f"""""" 将以下文本翻译成商务信函的格式:小老弟，我小羊，上回你说咱部门要采购的显示器是多少寸来着？"""""" response = get_completion(prompt) print(respo...']"
Few-shot prompting 是什么？它有什么作用？,Few-shot prompting 是在要求模型执行实际任务前，先给一两个已完成的示例，让模型理解期望的输出样式、语调或任务要求，从而更快适应新任务。,"Few-shot prompting（少样本提示）指的是：在真正让大模型执行任务前，先给它提供少量“示范样例”（通常 1–5 个），让模型从这些例子中学习你想要的：

- 任务是什么  
- 输出长什么样  
- 语气、风格、格式有什么要求  

在你提供的材料里，就有一个典型例子：

- 先给出一个“孩子问 / 祖父母答”的完整示范，对话风格是比较隐喻、文学化的；
- 然后再让模型用同样的风格回答另一个问题“请教我何为韧性”。

这几个示范就构成了 few-shot prompting。

---

它的主要作用有：

1. 明确输出风格和格式  
   比如你先给两段“总结示例”，模型就更容易按相同的结构和语气去总结后面的新文本。

2. 让模型“看例子学任务”  
   有时你很难用自然语言精确描述任务规则，但能给一两对“输入→输出”的例子。模型通过类比推断应该怎么处理新输入。

3. 提高结果的稳定性与可控性  
   没有示例时，模型可能在语气、结构上自由发挥；有了示范，它更倾向于“照猫画虎”，输出更接近你期望的模式。

4. 降低“幻觉”或跑题风险  
   通过样例告诉模型：哪些信息是要用的，哪些方式是不该用的，可以一定程度上减少乱编与偏题。

总结一下：  
Few-shot prompting 的本质是在正式任务前用少量高质量示例“预热”模型，让它更好地理解你要它做什么，以及应该“怎么做”和“怎么写”。",pass,"The model response accurately captures the essence of few-shot prompting, detailing its definition, purpose, and providing examples that align with the expected answer. It addresses the question thoroughly and factually.","['1.4 提供少量示例\n\n""Few-shot"" prompting，即在要求模型执行实际任务之前，给模型一两个已完成的样例，让模型了解我们的要求和期望的输出样式。\n\n例如，在以下的样例中，我们先给了一个祖孙对话样例，然后要求模型用同样的隐喻风格回答关于“韧性”的问题。这就是一个少样本样例，它能帮助模型快速抓住我们要的语调和风格。\n\n利用少样本样例，我们可以轻松“预热”语言模型，让它为新的任务做好准备...', 'If the text does not contain a sequence of instructions, \\ then simply write \\""No steps provided.\\""\n\n\\""\\""\\""{text_2}\\""\\""\\"" """""" response = get_completion(prompt) print(""Completion for Text 2:"") print(re...', '一、原则一 编写清晰、具体的指令\n\n亲爱的读者，在与语言模型交互时，您需要牢记一点:以清晰、具体的方式表达您的需求。假设您面前坐着一位来自外星球的新朋友，其对人类语言和常识都一无所知。在这种情况下，您需要把想表达的意图讲得非常明确，不要有任何歧义。同样的，在提供 Prompt 的时候，也要以足够详细和容易理解的方式，把您的需求与上下文说清楚。\n\n并不是说 Prompt 就必须非常短小简洁。事实上，...', '从该原则出发，我们提供几个设计 Prompt 的技巧。\n\n1.1 使用分隔符清晰地表示输入的不同部分\n\n在编写 Prompt 时，我们可以使用各种标点符号作为“分隔符”，将不同的文本部分区分开来。\n\n分隔符就像是 Prompt 中的墙，将不同的指令、上下文、输入隔开，避免意外的混淆。你可以选择用 ```，""""""，< >，<tag> </tag>，: 等做分隔符，只要能明确起到隔断作用即可。\n\n使用...', '第二章 提示原则\n\n如何去使用 Prompt，以充分发挥 LLM 的性能？首先我们需要知道设计 Prompt 的原则，它们是每一个开发者设计 Prompt 所必须知道的基础概念。本章讨论了设计高效 Prompt 的两个关键原则：编写清晰、具体的指令和给予模型充足思考时间。掌握这两点，对创建可靠的语言模型交互尤为重要。\n\n首先，Prompt 需要清晰明确地表达需求，提供充足上下文，使语言模型准确理解...', '通过上面的示例，我们可以看到 Prompt 迭代优化的一般过程。与训练机器学习模型类似，设计高效 Prompt 也需要多个版本的试错调整。\n\n具体来说，第一版 Prompt 应该满足明确和给模型思考时间两个原则。在此基础上，一般的迭代流程是：首先尝试一个初版，分析结果，然后继续改进 Prompt，逐步逼近最优。许多成功的Prompt 都是通过这种多轮调整得出的。\n\n后面我会展示一个更复杂的 Pro...', '第三章 迭代优化\n\n在开发大语言模型应用时，很难通过第一次尝试就得到完美适用的 Prompt。但关键是要有一个良好的迭代优化过程，以不断改进 Prompt。相比训练机器学习模型，Prompt 的一次成功率可能更高，但仍需要通过多次迭代找到最适合应用的形式。\n\n本章以产品说明书生成营销文案为例，展示 Prompt 迭代优化的思路。这与吴恩达在机器学习课程中演示的机器学习模型开发流程相似：有了想法后，...', '语言模型生成虚假信息的“幻觉”问题，是使用与开发语言模型时需要高度关注的风险。由于幻觉信息往往令人无法辨别真伪，开发者必须警惕并尽量避免它的产生。\n\n目前 OpenAI 等公司正在积极研究解决语言模型的幻觉问题。在技术得以进一步改进之前，开发者可以通过Prompt设计减少幻觉发生的可能。例如，可以先让语言模型直接引用文本中的原句，然后再进行解答。这可以追踪信息来源，降低虚假内容的风险。\n\n综上，语...']"
强化学习的基本交互过程是什么？,强化学习由智能体和环境组成。智能体从环境中获得状态，根据状态选择动作；动作在环境中执行后，环境返回下一个状态和奖励。智能体的目标是在交互过程中尽可能获得更多奖励。,"强化学习的基本交互过程可以概括为“智能体在环境中通过试错获得奖励并不断改进行为”，更细一点通常用四元组来描述每一步交互：

在每个离散时间步 t：

1. **状态感知**  
   环境处于某个状态 \(s_t\)，并将这个状态信息反馈给智能体（agent）。

2. **动作选择**  
   智能体根据当前状态 \(s_t\) 和自己的策略 \(\pi\) 选择一个动作 \(a_t\)，并施加到环境上。  
   （策略可以是“见到这个状态大概率选哪个动作”的规则或网络。）

3. **环境响应**  
   环境接收到动作 \(a_t\) 后：
   - 转移到新的状态 \(s_{t+1}\)
   - 给出一个标量奖励 \(r_t\)（可以是正的、负的或零），表示这一步动作好坏

4. **策略更新**  
   智能体利用 \((s_t, a_t, r_t, s_{t+1})\) 这条“经验”来更新自己的价值函数或策略，使得将来在类似状态下能做出带来更高长期回报的动作。

然后进入下一个时间步 \(t+1\)，重复上述过程，直到任务结束（到达终止状态或达到预设步数）。整个目标是让智能体学到一个策略，使得**长期累计奖励**（例如期望回报）最大。",pass,"The model response accurately describes the basic interaction process of reinforcement learning, including the roles of the agent and environment, the steps of state perception, action selection, environment response, and policy update. It also emphasizes the goal of maximizing long-term rewards, which aligns with the expected answer.","['→_→\n欢迎去各大电商平台选购纸质版南瓜书《机器学习公式详解》\n←_←\n第16 章\n强化学习\n强化学习作为机器学习的子领域，其本身拥有一套完整的理论体系，以及诸多经典和最新前沿算\n法，“西瓜书”该章内容仅可作为综述查阅，若想深究建议查阅其他相关书籍（例如《Easy RL：强化\n学习教程》\n[1]）进行系统性学习。\n16.1\n任务与奖赏\n本节理解强化学习的定义和相关术语的含义即可。\n16.2\nK-摇...', 'learning) 融入进来, 类似地还有本章第一节将主动学习融入进来, 在第10 章第一节将k 近邻算法融入进\n来, 在最后一节巧妙地将度量学习(metric learning) 融入进来等等。\n协同训练是多视图学习代表性算法之一, 本章叙述简单易懂。\n13.5.1\n图13.6 的解释\n第2 行表示从样本集Du 中去除缓冲池样本Ds;\n第4 行, 当j = 1 时...', '→_→\n欢迎去各大电商平台选购纸质版南瓜书《机器学习公式详解》\n←_←\n8.2\nBoosting\n注意8.1 节最后一段提到：根据个体学习器的生成方式，目前的集成学习方法大致可分为两大类，即\n个体学习器间存在强依赖关系、必须串行生成的序列化方法，以及个体学习器间不存在强依赖关系、可同\n时生成的并行化方法。\n本节Boosting 为前者的代表，Adaboost 又是Boosting 族算法的代表。\n...', '本节名为“结合策略”，告诉你各种结合方法，但其实最简单的方法就是基于这个预测结果再进行一\n次学习，即针对每个样本，将这个预测结果作为输入特征，类别仍为原来的类别，既然无法抉择如何将这\n些结果进行结合，那么就“学习”一下吧。\n“西瓜书”图8.9 伪代码第9 行中将第个样本进行变换，特征为个基学习器的输出，类别标记仍为原\n来的，将所有训练集中的样本进行转换得到新的数据集后，再基于进行一次学习即可，也就...', '后是否真的会如图13.1 所示带来预期的好处呢? 此即13.7 节阅读材料中提到的安全半监督学习。\n接下来在13.2 节、13.3 节、13.4 节、13.5 节介绍的四种半监督学习方法, 都可以应用于直推学习, 但\n若要应用于(纯) 半监督学习, 则要有额外的考虑, 尤其是13.4 节介绍的图半监督学习, 因为该节最后一段\n也明确提到“构图过程仅能考虑训练样本集, 难以判知新样本在图中的位置, ...', '→_→\n欢迎去各大电商平台选购纸质版南瓜书《机器学习公式详解》\n←_←\n第13 章\n半监督学习\n13.1\n未标记样本\n“西瓜书”两张插图可谓本节亮点: 图13.1 直观地说明了使用末标记样本后带来的好处; 图13.2 对比\n了主动学习、(纯) 半监督学习和直推学习, 尤其是巧妙地将主动学习的概念融入进来。\n直推学习是综合运用手头上已有的少量有标记样本和大量末标记样本, 对这些大量末标记样本预测其\n...', '→_→\n欢迎去各大电商平台选购纸质版南瓜书《机器学习公式详解》\n←_←\n第12 章\n计算学习理论\n正如本章开篇所述，计算学习理论研究目的是分析学习任务的困难本质，为学习算法提供理论保证，\n并根据分析结果指导算法设计。例如，“西瓜书”定理12.1、定理12.3、定理12.6 所表达意思的共同点是，\n泛化误差与经验误差之差的绝对值以很大概率(1 −δ) 很小，且这个差的绝对值随着训练样本个数(m) 的...', '→_→\n欢迎去各大电商平台选购纸质版南瓜书《机器学习公式详解》\n←_←\n第15 章\n规则学习\n规则学习是“符号主义学习”的代表性方法，用来从训练数据中学到一组能对未见示例进行判别的规\n则，形如“如果A 或B，并且C 的条件下，D 满足”这样的形式。因为这种学习方法更加贴合人类从数\n据中学到经验的描述，具有非常良好的可解释性，是最早开始研究机器学习的技术之一。\n15.1\n剪枝优化\n15.1.1\n式(...']"
南瓜书的最佳使用方法是什么？,南瓜书的最佳使用方法是以周志华老师的《机器学习》（西瓜书）为主线，遇到推导不出来或看不懂的公式时，再查阅南瓜书中对应的公式解析和推导细节。,"南瓜书的最佳使用方法是：

- 以《机器学习》（西瓜书）为主线来学习  
- 在看西瓜书时，**遇到自己推导不出来或者看不懂的公式，再翻南瓜书对应位置查阅公式解析和推导**  

也就是说：先按正常节奏读西瓜书，把南瓜书当作“公式详解与推导细节的工具书”，按需查阅，而不是单独把南瓜书当主教材从头到尾啃。",pass,"The model response accurately captures the key information from the expected answer, is factually correct, and adequately addresses the question by explaining how to use the 南瓜书 in conjunction with the 西瓜书.","['前言\n“周志华老师的《机器学习》（西瓜书）是机器学习领域的经典入门教材之一，周老师为了使尽可能多的读\n者通过西瓜书对机器学习有所了解, 所以在书中对部分公式的推导细节没有详述，但是这对那些想深究公式推\n导细节的读者来说可能“不太友好”，本书旨在对西瓜书里比较难理解的公式加以解析，以及对部分公式补充\n具体的推导细节。”\n读到这里，大家可能会疑问为啥前面这段话加了引号，因为这只是我们最初的遐想，后来我...', '为主线，遇到自己推导不出来或者看不懂的公式时再来查阅南瓜书；\n• 对于初学机器学习的小白，西瓜书第1 章和第2 章的公式强烈不建议深究，简单过一下即可，等你学得\n有点飘的时候再回来啃都来得及；\n• 每个公式的解析和推导我们都力(zhi) 争(neng) 以本科数学基础的视角进行讲解，所以超纲的数学知识\n我们通常都会以附录和参考文献的形式给出，感兴趣的同学可以继续沿着我们给的资料进行深入学习；\n• ...', '话可以微信联系我们（微信号：at-Sm1les）；\n配套视频教程：https://www.bilibili.com/video/BV1Mh411e7VU\n在线阅读地址：https://datawhalechina.github.io/pumpkin-book（仅供第1 版）\n最新版PDF 获取地址：https://github.com/datawhalechina/pumpkin-book/rel...', '→_→\n欢迎去各大电商平台选购纸质版南瓜书《机器学习公式详解》\n←_←\n若令B(θ) =\nm\nP\ni=1\nP\nzi\nQi(zi) ln\np(xi, zi; θ)\nQi(zi)\n，则此时B(θ) 为LL(θ) 的下界函数，那么这个下界函数所能构成\n的最优下界是多少？即B(θ) 的最大值是多少？显然，B(θ) 是LL(θ) 的下界函数，反过来LL(θ) 是其上\n界函数，所以如果能使得B(θ) = LL...', '→_→\n欢迎去各大电商平台选购纸质版南瓜书《机器学习公式详解》\n←_←\nLL(θ(t+1)) ⩾LL(θ(t))\n因此，任何能使得B(θ, θ(t)) 增大的θ，也可以使得LL(θ) 增大，于是问题就转化为了求解能使得B(θ, θ(t))\n达到极大的θ(t+1)，即\nθ(t+1) = arg max\nθ\nB(θ, θ(t))\n= arg max\nθ\n\uf8eb\n\uf8edLL(θ(t)) +\nX\nZ\nP(Z|X,...', '→_→\n欢迎去各大电商平台选购纸质版南瓜书《机器学习公式详解》\n←_←\n第4 章\n决策树\n本章的决策树算法背后没有复杂的数学推导，其更符合人类日常思维方式，理解起来也更为直观，其\n引入的数学工具也仅是为了让该算法在计算上可行，同时“西瓜书”在本章列举了大量例子，因此本章的\n算法会更为通俗易懂。\n4.1\n基本流程\n作为本章的开篇，首先要明白决策树在做什么。正如“西瓜书”中图4.1 所示的决策过程，决...', 'spareribs、sunchaothu、StevenLzq 在最早期的时候对南瓜书所做的贡献。\n扫描下方二维码，然后回复关键词“南瓜书”，即可加入“南瓜书读者交流群”\n版权声明\n本作品采用知识共享署名-非商业性使用-相同方式共享4.0 国际许可协议进行许可。...', '→_→\n欢迎去各大电商平台选购纸质版南瓜书《机器学习公式详解》\n←_←\n[3] Chang Xu, Dacheng Tao, and Chao Xu.\nA survey on multi-view learning.\narXiv preprint\narXiv:1304.5634, 2013.\n→_→\n配套视频教程：https://www.bilibili.com/video/BV1Mh411e7V...']"
蘑菇书为什么叫蘑菇书？它的寓意是什么？,蘑菇书的名字来自超级马里奥中吃蘑菇会变强的寓意。作者希望读者学习这本强化学习教程后，也能像马里奥吃下蘑菇一样变得更强，并更有兴趣探索强化学习。,"“蘑菇书”一般是指《机器学习公式详解：西瓜书公式推导解析》（民间多叫“南瓜书”那本的“姐妹篇”时，部分人也会混叫），不过你问的是“为什么叫蘑菇书、寓意是什么”，这在我能看到的这份资料里没有给出官方解释或命名缘由，只能据常识推测，不能当作书本身的权威说法。

在我掌握的这份南瓜书资料中，只说明了：

- 原书是围绕周志华《机器学习》（封面是西瓜）来写推导解析，所以叫“南瓜书”；
- 编委会、版权、获取方式等都有介绍；
- 并没有出现“蘑菇书”这个称呼的正式说明，也没有对“蘑菇”这一名字的寓意进行解释。

因此：

- “蘑菇书”这个称呼，很可能是读者/社区的爱称或延伸叫法，而不是书上正式自称；
- 具体“为什么叫蘑菇书、寓意是什么”，在当前这份官方文本里没有说明。

如果你想要权威答案，建议：

1. 去项目 GitHub 仓库的 README / Issues 里搜索“蘑菇书”关键字；  
2. 或者按资料里的方式，加微信 at-Sm1les 或在 B 站视频下提问，直接问主创团队。

在目前给定的上下文中，这个问题没有被正式回答，所以我只能说：不知道书作者对“蘑菇书”这一称呼的官方寓意。",fail,The model response does not provide the key information about the origin of the name '蘑菇书' and its intended meaning related to the context of the expected answer. It fails to address the question adequately and does not confirm the connection to the metaphor of becoming stronger like Mario after eating a mushroom.,"['话可以微信联系我们（微信号：at-Sm1les）；\n配套视频教程：https://www.bilibili.com/video/BV1Mh411e7VU\n在线阅读地址：https://datawhalechina.github.io/pumpkin-book（仅供第1 版）\n最新版PDF 获取地址：https://github.com/datawhalechina/pumpkin-book/rel...', 'spareribs、sunchaothu、StevenLzq 在最早期的时候对南瓜书所做的贡献。\n扫描下方二维码，然后回复关键词“南瓜书”，即可加入“南瓜书读者交流群”\n版权声明\n本作品采用知识共享署名-非商业性使用-相同方式共享4.0 国际许可协议进行许可。...', '→_→\n欢迎去各大电商平台选购纸质版南瓜书《机器学习公式详解》\n←_←\n则表示在w > 0, b < 0 范围内寻找目标函数的最小值，“s.t.”是“subject to”的简写，意思是“受约束\n于”，即为约束条件。\n以上介绍的符号都是应用数学领域的一个分支——“最优化”中的内容，若想进一步了解可找一本最\n优化的教材（例如参考文献[1]）进行系统性地学习。\n3.2.3\n式(3.5) 的推导\n“西瓜...', '→_→\n欢迎去各大电商平台选购纸质版南瓜书《机器学习公式详解》\n←_←\n第12 章\n计算学习理论\n正如本章开篇所述，计算学习理论研究目的是分析学习任务的困难本质，为学习算法提供理论保证，\n并根据分析结果指导算法设计。例如，“西瓜书”定理12.1、定理12.3、定理12.6 所表达意思的共同点是，\n泛化误差与经验误差之差的绝对值以很大概率(1 −δ) 很小，且这个差的绝对值随着训练样本个数(m) 的...', '→_→\n欢迎去各大电商平台选购纸质版南瓜书《机器学习公式详解》\n←_←\n3.2.8\n式(3.11) 的推导\n首先铺垫讲解接下来以及后续内容将会用到的多元函数相关基础知识\n[1]。\nn 元实值函数：含n 个自变量，值域为实数域R 的函数称为n 元实值函数，记为f(x)，其中x =\n(x1; x2; ...; xn) 为n 维向量。“西瓜书”和本书中的多元函数未加特殊说明均为实值函数。\n凸集：设集合D...', '前言\n“周志华老师的《机器学习》（西瓜书）是机器学习领域的经典入门教材之一，周老师为了使尽可能多的读\n者通过西瓜书对机器学习有所了解, 所以在书中对部分公式的推导细节没有详述，但是这对那些想深究公式推\n导细节的读者来说可能“不太友好”，本书旨在对西瓜书里比较难理解的公式加以解析，以及对部分公式补充\n具体的推导细节。”\n读到这里，大家可能会疑问为啥前面这段话加了引号，因为这只是我们最初的遐想，后来我...', '→_→\n欢迎去各大电商平台选购纸质版南瓜书《机器学习公式详解》\n←_←\n第1 章\n绪论\n本章作为“西瓜书”的开篇，主要讲解什么是机器学习以及机器学习的相关数学符号，为后续内容作\n铺垫，并未涉及复杂的算法理论，因此阅读本章时只需耐心梳理清楚所有概念和数学符号即可。此外，在\n阅读本章前建议先阅读西瓜书目录前页的《主要符号表》，它能解答在阅读“西瓜书”过程中产生的大部\n分对数学符号的疑惑。\n本章也作为本...', '→_→\n欢迎去各大电商平台选购纸质版南瓜书《机器学习公式详解》\n←_←\n若令B(θ) =\nm\nP\ni=1\nP\nzi\nQi(zi) ln\np(xi, zi; θ)\nQi(zi)\n，则此时B(θ) 为LL(θ) 的下界函数，那么这个下界函数所能构成\n的最优下界是多少？即B(θ) 的最大值是多少？显然，B(θ) 是LL(θ) 的下界函数，反过来LL(θ) 是其上\n界函数，所以如果能使得B(θ) = LL...']"
